program,processes,trial,time_seconds
sum_mpi,1,1,0.002545
sum_mpi,1,2,0.002708
sum_mpi,1,3,0.002467
sum_mpi,1,4,0.002487
sum_mpi,1,5,0.002549
sum_mpi,1,6,0.002503
sum_mpi,1,7,0.002596
sum_mpi,2,1,0.001397
sum_mpi,2,2,0.001299
sum_mpi,2,3,0.001638
sum_mpi,2,4,0.002199
sum_mpi,2,5,0.001289
sum_mpi,2,6,0.002534
sum_mpi,2,7,0.001887
sum_mpi,4,1,0.001545
sum_mpi,4,2,0.001711
sum_mpi,4,3,0.001499
sum_mpi,4,4,0.001101
sum_mpi,4,5,0.000979
sum_mpi,4,6,0.001603
sum_mpi,4,7,0.001325
pi_monte_carlo,1,1,0.043358
pi_monte_carlo,1,2,0.043888
pi_monte_carlo,1,3,0.044879
pi_monte_carlo,1,4,0.042629
pi_monte_carlo,1,5,0.044147
pi_monte_carlo,1,6,0.043279
pi_monte_carlo,1,7,0.042352
pi_monte_carlo,2,1,0.033632
pi_monte_carlo,2,2,0.033848
pi_monte_carlo,2,3,0.037595
pi_monte_carlo,2,4,0.037383
pi_monte_carlo,2,5,0.031886
pi_monte_carlo,2,6,0.023710
pi_monte_carlo,2,7,0.021703
pi_monte_carlo,4,1,0.022233
pi_monte_carlo,4,2,0.022804
pi_monte_carlo,4,3,0.022482
pi_monte_carlo,4,4,0.021557
pi_monte_carlo,4,5,0.021789
pi_monte_carlo,4,6,0.021365
pi_monte_carlo,4,7,0.021329
